Date,Temp
2006-01-01,68
2006-01-02,79
2006-01-03,70
2006-01-04,70
2006-01-05,79
2006-01-06,79
2006-01-07,75
2006-01-08,72
2006-01-09,66
2006-01-10,72
2006-01-11,70
2006-01-12,68
2006-01-13,77
2006-01-14,73
2006-01-15,61
2006-01-16,55
2006-01-17,57
2006-01-18,63
2006-01-19,61
2006-01-20,61
2006-01-21,63
2006-01-22,64
2006-01-23,72
2006-01-24,77
2006-01-25,66
2006-01-26,64
2006-01-27,64
2006-01-28,63
2006-01-29,66
2006-01-30,72
2006-01-31,68
2006-02-01,70
2006-02-02,72
2006-02-03,73
2006-02-04,79
2006-02-05,73
2006-02-06,73
2006-02-07,79
2006-02-08,82
2006-02-09,72
2006-02-10,73
2006-02-11,72
2006-02-12,75
2006-02-13,75
2006-02-14,75
2006-02-15,77
2006-02-16,64
2006-02-17,66
2006-02-18,63
2006-02-19,63
2006-02-20,63
2006-02-21,64
2006-02-22,64
2006-02-23,70
2006-02-24,73
2006-02-25,75
2006-02-26,82
2006-02-27,81
2006-02-28,81
2006-03-01,72
2006-03-02,75
2006-03-03,79
2006-03-04,70
2006-03-05,77
2006-03-06,75
2006-03-07,75
2006-03-08,64
2006-03-09,66
2006-03-10,63
2006-03-11,52
2006-03-12,54
2006-03-13,57
2006-03-14,66
2006-03-15,70
2006-03-16,72
2006-03-17,70
2006-03-18,63
2006-03-19,46
2006-03-20,63
2006-03-21,57
2006-03-22,59
2006-03-23,77
2006-03-24,79
2006-03-25,84
2006-03-26,81
2006-03-27,77
2006-03-28,77
2006-03-29,73
2006-03-30,63
2006-03-31,77
2006-04-01,73
2006-04-02,79
2006-04-03,82
2006-04-04,81
2006-04-05,72
2006-04-06,68
2006-04-07,79
2006-04-08,84
2006-04-09,86
2006-04-10,75
2006-04-11,79
2006-04-12,91
2006-04-13,91
2006-04-14,90
2006-04-15,75
2006-04-16,82
2006-04-17,82
2006-04-18,79
2006-04-19,84
2006-04-20,86
2006-04-21,90
2006-04-22,90
2006-04-23,77
2006-04-24,77
2006-04-25,82
2006-04-26,90
2006-04-27,73
2006-04-28,73
2006-04-29,84
2006-04-30,93
2006-05-01,97
2006-05-02,97
2006-05-03,93
2006-05-04,91
2006-05-05,84
2006-05-06,88
2006-05-07,90
2006-05-08,91
2006-05-09,93
2006-05-10,97
2006-05-11,99
2006-05-12,99
2006-05-13,99
2006-05-14,100
2006-05-15,99
2006-05-16,100
2006-05-17,100
2006-05-18,102
2006-05-19,102
2006-05-20,102
2006-05-21,102
2006-05-22,82
2006-05-23,90
2006-05-24,99
2006-05-25,102
2006-05-26,99
2006-05-27,93
2006-05-28,86
2006-05-29,91
2006-05-30,93
2006-05-31,99
2006-06-01,106
2006-06-02,108
2006-06-03,108
2006-06-04,109
2006-06-05,108
2006-06-06,104
2006-06-07,102
2006-06-08,102
2006-06-09,104
2006-06-10,102
2006-06-11,104
2006-06-12,106
2006-06-13,108
2006-06-14,104
2006-06-15,100
2006-06-16,100
2006-06-17,104
2006-06-18,108
2006-06-19,109
2006-06-20,106
2006-06-21,106
2006-06-22,106
2006-06-23,102
2006-06-24,106
2006-06-25,108
2006-06-26,106
2006-06-27,102
2006-06-28,102
2006-06-29,104
2006-06-30,104
2006-07-01,108
2006-07-02,102
2006-07-03,102
2006-07-04,102
2006-07-05,93
2006-07-06,99
2006-07-07,99
2006-07-08,100
2006-07-09,108
2006-07-10,106
2006-07-11,108
2006-07-12,108
2006-07-13,109
2006-07-14,111
2006-07-15,111
2006-07-16,108
2006-07-17,102
2006-07-18,109
2006-07-19,108
2006-07-20,108
2006-07-21,115
2006-07-22,111
2006-07-23,109
2006-07-24,109
2006-07-25,106
2006-07-26,99
2006-07-27,93
2006-07-28,93
2006-07-29,91
2006-07-30,90
2006-07-31,95
2006-08-01,99
2006-08-02,99
2006-08-03,97
2006-08-04,97
2006-08-05,100
2006-08-06,104
2006-08-07,104
2006-08-08,104
2006-08-09,100
2006-08-10,102
2006-08-11,99
2006-08-12,99
2006-08-13,100
2006-08-14,100
2006-08-15,91
2006-08-16,93
2006-08-17,99
2006-08-18,102
2006-08-19,104
2006-08-20,102
2006-08-21,104
2006-08-22,95
2006-08-23,99
2006-08-24,88
2006-08-25,97
2006-08-26,100
2006-08-27,102
2006-08-28,104
2006-08-29,102
2006-08-30,99
2006-08-31,100
2006-09-01,104
2006-09-02,99
2006-09-03,91
2006-09-04,91
2006-09-05,93
2006-09-06,93
2006-09-07,84
2006-09-08,90
2006-09-09,88
2006-09-10,93
2006-09-11,97
2006-09-12,93
2006-09-13,93
2006-09-14,97
2006-09-15,91
2006-09-16,88
2006-09-17,90
2006-09-18,91
2006-09-19,93
2006-09-20,93
2006-09-21,88
2006-09-22,90
2006-09-23,84
2006-09-24,91
2006-09-25,97
2006-09-26,99
2006-09-27,99
2006-09-28,99
2006-09-29,99
2006-09-30,99
2006-10-01,99
2006-10-02,97
2006-10-03,97
2006-10-04,99
2006-10-05,93
2006-10-06,93
2006-10-07,88
2006-10-08,84
2006-10-09,82
2006-10-10,82
2006-10-11,86
2006-10-12,90
2006-10-13,91
2006-10-14,79
2006-10-15,75
2006-10-16,82
2006-10-17,79
2006-10-18,75
2006-10-19,77
2006-10-20,82
2006-10-21,84
2006-10-22,86
2006-10-23,88
2006-10-24,81
2006-10-25,81
2006-10-26,75
2006-10-27,79
2006-10-28,86
2006-10-29,81
2006-10-30,81
2006-10-31,79
2006-11-01,79
2006-11-02,81
2006-11-03,84
2006-11-04,82
2006-11-05,82
2006-11-06,84
2006-11-07,84
2006-11-08,88
2006-11-09,84
2006-11-10,81
2006-11-11,81
2006-11-12,73
2006-11-13,73
2006-11-14,75
2006-11-15,77
2006-11-16,79
2006-11-17,81
2006-11-18,81
2006-11-19,88
2006-11-20,86
2006-11-21,84
2006-11-22,81
2006-11-23,79
2006-11-24,79
2006-11-25,75
2006-11-26,70
2006-11-27,66
2006-11-28,64
2006-11-29,55
2006-11-30,52
2006-12-01,63
2006-12-02,64
2006-12-03,66
2006-12-04,68
2006-12-05,72
2006-12-06,72
2006-12-07,77
2006-12-08,70
2006-12-09,72
2006-12-10,66
2006-12-11,63
2006-12-12,64
2006-12-13,66
2006-12-14,70
2006-12-15,72
2006-12-16,77
2006-12-17,57
2006-12-18,57
2006-12-19,54
2006-12-20,52
2006-12-21,54
2006-12-22,46
2006-12-23,55
2006-12-24,61
2006-12-25,66
2006-12-26,70
2006-12-27,64
2006-12-28,48
2006-12-29,52
2006-12-30,57
2006-12-31,57
2007-01-01,59
2007-01-02,68
2007-01-03,64
2007-01-04,66
2007-01-05,57
2007-01-06,59
2007-01-07,64
2007-01-08,72
2007-01-09,77
2007-01-10,70
2007-01-11,72
2007-01-12,57
2007-01-13,48
2007-01-14,45
2007-01-15,54
2007-01-16,57
2007-01-17,61
2007-01-18,64
2007-01-19,48
2007-01-20,54
2007-01-21,45
2007-01-22,54
2007-01-23,57
2007-01-24,66
2007-01-25,66
2007-01-26,63
2007-01-27,66
2007-01-28,68
2007-01-29,70
2007-01-30,57
2007-01-31,54
2007-02-01,59
2007-02-02,61
2007-02-03,64
2007-02-04,70
2007-02-05,79
2007-02-06,79
2007-02-07,77
2007-02-08,77
2007-02-09,79
2007-02-10,77
2007-02-11,72
2007-02-12,70
2007-02-13,63
2007-02-14,61
2007-02-15,63
2007-02-16,70
2007-02-17,81
2007-02-18,77
2007-02-19,63
2007-02-20,61
2007-02-21,66
2007-02-22,79
2007-02-23,63
2007-02-24,61
2007-02-25,66
2007-02-26,70
2007-02-27,75
2007-02-28,57
2007-03-01,59
2007-03-02,63
2007-03-03,64
2007-03-04,72
2007-03-05,73
2007-03-06,79
2007-03-07,84
2007-03-08,84
2007-03-09,82
2007-03-10,84
2007-03-11,82
2007-03-12,84
2007-03-13,90
2007-03-14,90
2007-03-15,90
2007-03-16,97
2007-03-17,97
2007-03-18,91
2007-03-19,88
2007-03-20,86
2007-03-21,81
2007-03-22,75
2007-03-23,64
2007-03-24,70
2007-03-25,79
2007-03-26,82
2007-03-27,79
2007-03-28,63
2007-03-29,68
2007-03-30,72
2007-03-31,79
2007-04-01,86
2007-04-02,91
2007-04-03,88
2007-04-04,90
2007-04-05,91
2007-04-06,91
2007-04-07,88
2007-04-08,86
2007-04-09,82
2007-04-10,82
2007-04-11,86
2007-04-12,81
2007-04-13,72
2007-04-14,81
2007-04-15,79
2007-04-16,66
2007-04-17,79
2007-04-18,88
2007-04-19,81
2007-04-20,79
2007-04-21,66
2007-04-22,79
2007-04-23,72
2007-04-24,81
2007-04-25,88
2007-04-26,90
2007-04-27,93
2007-04-28,99
2007-04-29,91
2007-04-30,95
2007-05-01,91
2007-05-02,90
2007-05-03,86
2007-05-04,84
2007-05-05,77
2007-05-06,79
2007-05-07,90
2007-05-08,91
2007-05-09,93
2007-05-10,99
2007-05-11,100
2007-05-12,102
2007-05-13,100
2007-05-14,100
2007-05-15,99
2007-05-16,97
2007-05-17,97
2007-05-18,99
2007-05-19,97
2007-05-20,99
2007-05-21,93
2007-05-22,90
2007-05-23,88
2007-05-24,93
2007-05-25,97
2007-05-26,97
2007-05-27,99
2007-05-28,97
2007-05-29,97
2007-05-30,97
2007-05-31,97
2007-06-01,100
2007-06-02,99
2007-06-03,100
2007-06-04,106
2007-06-05,106
2007-06-06,90
2007-06-07,88
2007-06-08,97
2007-06-09,100
2007-06-10,99
2007-06-11,91
2007-06-12,97
2007-06-13,100
2007-06-14,106
2007-06-15,108
2007-06-16,106
2007-06-17,106
2007-06-18,106
2007-06-19,106
2007-06-20,108
2007-06-21,108
2007-06-22,109
2007-06-23,108
2007-06-24,106
2007-06-25,106
2007-06-26,109
2007-06-27,109
2007-06-28,108
2007-06-29,108
2007-06-30,109
2007-07-01,109
2007-07-02,109
2007-07-03,109
2007-07-04,113
2007-07-05,111
2007-07-06,109
2007-07-07,108
2007-07-08,106
2007-07-09,104
2007-07-10,100
2007-07-11,104
2007-07-12,108
2007-07-13,106
2007-07-14,102
2007-07-15,106
2007-07-16,109
2007-07-17,108
2007-07-18,109
2007-07-19,108
2007-07-20,100
2007-07-21,97
2007-07-22,99
2007-07-23,100
2007-07-24,91
2007-07-25,91
2007-07-26,93
2007-07-27,97
2007-07-28,99
2007-07-29,97
2007-07-30,100
2007-07-31,95
2007-08-01,93
2007-08-02,99
2007-08-03,102
2007-08-04,99
2007-08-05,90
2007-08-06,88
2007-08-07,97
2007-08-08,100
2007-08-09,102
2007-08-10,100
2007-08-11,106
2007-08-12,111
2007-08-13,108
2007-08-14,99
2007-08-15,102
2007-08-16,106
2007-08-17,106
2007-08-18,106
2007-08-19,102
2007-08-20,102
2007-08-21,106
2007-08-22,106
2007-08-23,106
2007-08-24,104
2007-08-25,84
2007-08-26,99
2007-08-27,104
2007-08-28,108
2007-08-29,108
2007-08-30,106
2007-08-31,106
2007-09-01,106
2007-09-02,102
2007-09-03,106
2007-09-04,102
2007-09-05,99
2007-09-06,86
2007-09-09,93
2007-09-10,102
2007-09-11,102
2007-09-12,106
2007-09-13,106
2007-09-14,104
2007-09-15,100
2007-09-16,99
2007-09-17,93
2007-09-18,95
2007-09-19,97
2007-09-20,95
2007-09-21,97
2007-09-22,93
2007-09-23,84
2007-09-24,84
2007-09-25,90
2007-09-26,93
2007-09-27,95
2007-09-28,95
2007-09-29,90
2007-09-30,93
2007-10-01,90
2007-10-02,90
2007-10-03,93
2007-10-04,95
2007-10-05,91
2007-10-06,73
2007-10-07,81
2007-10-08,91
2007-10-09,91
2007-10-10,91
2007-10-11,91
2007-10-12,91
2007-10-13,79
2007-10-14,82
2007-10-15,84
2007-10-16,84
2007-10-17,81
2007-10-18,82
2007-10-19,90
2007-10-20,91
2007-10-21,79
2007-10-22,77
2007-10-23,86
2007-10-24,93
2007-10-25,90
2007-10-26,90
2007-10-27,91
2007-10-28,93
2007-10-29,91
2007-10-30,90
2007-10-31,82
2007-11-01,82
2007-11-02,82
2007-11-03,88
2007-11-04,90
2007-11-05,90
2007-11-06,90
2007-11-07,88
2007-11-08,88
2007-11-09,84
2007-11-10,79
2007-11-11,75
2007-11-12,75
2007-11-13,84
2007-11-14,84
2007-11-15,79
2007-11-19,84
2007-11-20,55
2007-11-21,77
2007-11-22,77
2007-11-23,66
2007-11-24,66
2007-11-25,64
2007-11-26,64
2007-11-27,70
2007-11-28,72
2007-11-29,70
2007-11-30,84
2007-12-01,72
2007-12-02,55
2007-12-03,61
2007-12-04,54
2007-12-05,70
2007-12-06,72
2007-12-07,72
2007-12-08,57
2007-12-09,55
2007-12-10,55
2007-12-11,52
2007-12-12,55
2007-12-13,57
2007-12-14,54
2007-12-15,55
2007-12-16,61
2007-12-17,48
2007-12-18,54
2007-12-19,46
2007-12-20,63
2007-12-21,55
2007-12-22,48
2007-12-23,50
2007-12-24,54
2007-12-25,55
2007-12-26,54
2007-12-27,43
2007-12-30,57
2007-12-31,61
2008-01-01,64
2008-01-02,66
2008-01-03,68
2008-01-04,73
2008-01-05,70
2008-01-06,61
2008-01-07,57
2008-01-08,59
2008-01-09,52
2008-01-10,61
2008-01-11,61
2008-01-12,64
2008-01-13,46
2008-01-15,63
2008-01-16,57
2008-01-17,54
2008-01-18,45
2008-01-19,61
2008-01-20,55
2008-01-21,45
2008-01-22,63
2008-01-23,63
2008-01-24,59
2008-01-25,63
2008-01-26,66
2008-01-27,61
2008-01-29,48
2008-01-30,54
2008-01-31,46
2008-02-01,61
2008-02-02,64
2008-02-03,64
2008-02-04,55
2008-02-05,52
2008-02-06,55
2008-02-07,61
2008-02-08,64
2008-02-09,72
2008-02-10,73
2008-02-11,72
2008-02-12,73
2008-02-13,72
2008-02-14,63
2008-02-15,54
2008-02-16,57
2008-02-17,63
2008-02-18,66
2008-02-19,70
2008-02-20,70
2008-02-21,61
2008-02-22,61
2008-02-23,64
2008-02-24,72
2008-02-25,70
2008-02-26,75
2008-02-27,79
2008-02-28,81
2008-02-29,81
2008-03-01,79
2008-03-02,70
2008-03-03,64
2008-03-04,70
2008-03-05,70
2008-03-06,64
2008-03-07,70
2008-03-08,72
2008-03-09,73
2008-03-10,77
2008-03-11,79
2008-03-12,82
2008-03-13,84
2008-03-14,81
2008-03-15,73
2008-03-16,55
2008-03-17,61
2008-03-18,70
2008-03-19,79
2008-03-20,82
2008-03-21,82
2008-03-22,84
2008-03-23,84
2008-03-24,84
2008-03-25,88
2008-03-26,86
2008-03-27,82
2008-03-28,86
2008-03-29,86
2008-03-30,82
2008-03-31,75
2008-04-01,82
2008-04-02,84
2008-04-03,77
2008-04-04,81
2008-04-05,82
2008-04-06,84
2008-04-07,81
2008-04-08,84
2008-04-09,72
2008-04-10,73
2008-04-11,79
2008-04-12,82
2008-04-13,91
2008-04-14,97
2008-04-15,93
2008-04-16,81
2008-04-17,73
2008-04-18,86
2008-04-19,88
2008-04-20,82
2008-04-21,82
2008-04-22,88
2008-04-23,88
2008-04-24,84
2008-04-25,86
2008-04-26,91
2008-04-27,91
2008-04-28,93
2008-04-29,97
2008-04-30,91
2008-05-01,82
2008-05-02,82
2008-05-03,88
2008-05-04,93
2008-05-05,91
2008-05-06,82
2008-05-07,88
2008-05-08,90
2008-05-09,93
2008-05-10,91
2008-05-11,97
2008-05-12,93
2008-05-13,77
2008-05-14,82
2008-05-15,90
2008-05-16,90
2008-05-17,95
2008-05-18,102
2008-05-19,108
2008-05-20,106
2008-05-21,93
2008-05-22,73
2008-05-23,70
2008-05-24,72
2008-05-25,81
2008-05-26,79
2008-05-27,88
2008-05-28,90
2008-05-29,91
2008-05-30,93
2008-05-31,97
2008-06-01,99
2008-06-02,99
2008-06-03,99
2008-06-04,97
2008-06-05,88
2008-06-06,97
2008-06-07,100
2008-06-08,99
2008-06-09,102
2008-06-10,106
2008-06-11,100
2008-06-12,99
2008-06-13,102
2008-06-14,108
2008-06-15,108
2008-06-16,109
2008-06-17,109
2008-06-18,109
2008-06-19,109
2008-06-20,111
2008-06-21,111
2008-06-22,108
2008-06-23,109
2008-06-24,109
2008-06-25,108
2008-06-26,106
2008-06-27,106
2008-06-28,108
2008-06-29,109
2008-06-30,108
2008-07-01,109
2008-07-02,109
2008-07-03,106
2008-07-04,106
2008-07-05,102
2008-07-06,106
2008-07-07,102
2008-07-08,104
2008-07-09,102
2008-07-10,97
2008-07-11,91
2008-07-12,97
2008-07-13,97
2008-07-14,95
2008-07-15,102
2008-07-16,106
2008-07-17,106
2008-07-18,108
2008-07-19,99
2008-07-20,95
2008-07-21,100
2008-07-22,104
2008-07-23,100
2008-07-24,106
2008-07-25,102
2008-07-26,102
2008-07-27,100
2008-07-28,102
2008-07-29,104
2008-07-30,106
2008-07-31,109
2008-08-01,109
2008-08-02,108
2008-08-03,100
2008-08-04,100
2008-08-05,104
2008-08-06,106
2008-08-07,106
2008-08-08,97
2008-08-09,100
2008-08-10,102
2008-08-11,106
2008-08-12,106
2008-08-13,102
2008-08-14,99
2008-08-15,100
2008-08-16,100
2008-08-17,100
2008-08-18,100
2008-08-19,102
2008-08-20,104
2008-08-21,106
2008-08-22,104
2008-08-23,106
2008-08-24,104
2008-08-25,99
2008-08-26,90
2008-08-27,93
2008-08-28,97
2008-08-29,100
2008-08-30,97
2008-08-31,91
2008-09-01,93
2008-09-02,99
2008-09-03,100
2008-09-04,102
2008-09-05,102
2008-09-06,106
2008-09-07,104
2008-09-08,100
2008-09-09,99
2008-09-10,97
2008-09-11,91
2008-09-12,91
2008-09-13,95
2008-09-14,99
2008-09-15,97
2008-09-16,93
2008-09-17,93
2008-09-18,97
2008-09-19,99
2008-09-20,99
2008-09-21,100
2008-09-22,100
2008-09-23,99
2008-09-24,102
2008-09-25,99
2008-09-26,97
2008-09-27,99
2008-09-28,99
2008-09-29,99
2008-09-30,97
2008-10-01,99
2008-10-02,97
2008-10-03,93
2008-10-04,88
2008-10-05,81
2008-10-06,88
2008-10-07,93
2008-10-08,95
2008-10-09,97
2008-10-10,91
2008-10-11,75
2008-10-12,70
2008-10-13,73
2008-10-14,79
2008-10-15,88
2008-10-16,91
2008-10-17,93
2008-10-18,93
2008-10-19,93
2008-10-20,95
2008-10-21,90
2008-10-22,84
2008-10-23,84
2008-10-24,86
2008-10-25,88
2008-10-26,88
2008-10-27,90
2008-10-28,91
2008-10-29,91
2008-10-30,91
2008-10-31,91
2008-11-01,91
2008-11-02,88
2008-11-03,86
2008-11-04,75
2008-11-05,72
2008-11-06,70
2008-11-07,75
2008-11-08,77
2008-11-09,77
2008-11-10,66
2008-11-11,70
2008-11-12,72
2008-11-13,75
2008-11-14,81
2008-11-15,79
2008-11-16,81
2008-11-17,84
2008-11-18,88
2008-11-19,84
2008-11-20,81
2008-11-21,75
2008-11-22,77
2008-11-23,77
2008-11-24,81
2008-11-25,75
2008-11-26,73
2008-11-27,64
2008-11-28,64
2008-11-29,66
2008-11-30,72
2008-12-01,73
2008-12-02,75
2008-12-03,72
2008-12-04,66
2008-12-05,72
2008-12-06,70
2008-12-07,61
2008-12-08,64
2008-12-09,63
2008-12-10,64
2008-12-11,72
2008-12-12,70
2008-12-13,72
2008-12-14,57
2008-12-15,55
2008-12-16,63
2008-12-17,66
2008-12-18,57
2008-12-19,55
2008-12-20,57
2008-12-21,59
2008-12-22,61
2008-12-23,55
2008-12-24,61
2008-12-25,63
2008-12-26,57
2008-12-27,48
2008-12-28,55
2008-12-29,70
2008-12-30,70
2008-12-31,70
2009-01-01,66
2009-01-02,66
2009-01-03,64
2009-01-04,52
2009-01-05,55
2009-01-06,55
2009-01-07,57
2009-01-08,61
2009-01-09,64
2009-01-10,63
2009-01-11,68
2009-01-12,70
2009-01-13,72
2009-01-14,72
2009-01-15,77
2009-01-16,79
2009-01-17,73
2009-01-18,77
2009-01-19,79
2009-01-20,81
2009-01-21,81
2009-01-22,70
2009-01-23,72
2009-01-24,72
2009-01-25,70
2009-01-26,61
2009-01-27,57
2009-01-28,61
2009-01-29,72
2009-01-30,73
2009-01-31,73
2009-02-01,70
2009-02-02,73
2009-02-03,79
2009-02-04,81
2009-02-05,82
2009-02-06,72
2009-02-07,70
2009-02-08,57
2009-02-09,59
2009-02-10,54
2009-02-11,59
2009-02-12,61
2009-02-13,61
2009-02-14,57
2009-02-15,61
2009-02-16,72
2009-02-17,61
2009-02-18,63
2009-02-19,70
2009-02-20,73
2009-02-21,73
2009-02-22,79
2009-02-23,82
2009-02-24,82
2009-02-25,84
2009-02-26,75
2009-02-27,75
2009-02-28,82
2009-03-01,84
2009-03-02,88
2009-03-03,84
2009-03-04,82
2009-03-05,72
2009-03-06,72
2009-03-07,66
2009-03-08,70
2009-03-09,73
2009-03-10,72
2009-03-11,79
2009-03-12,75
2009-03-13,73
2009-03-14,75
2009-03-15,77
2009-03-16,79
2009-03-17,84
2009-03-18,86
2009-03-19,88
2009-03-20,88
2009-03-21,88
2009-03-22,84
2009-03-23,66
2009-03-24,72
2009-03-25,77
2009-03-26,79
2009-03-27,66
2009-03-28,75
2009-03-29,82
2009-03-30,73
2009-03-31,75
2009-04-01,77
2009-04-02,81
2009-04-03,81
2009-04-04,70
2009-04-05,79
2009-04-06,88
2009-04-07,91
2009-04-08,77
2009-04-09,75
2009-04-10,82
2009-04-11,66
2009-04-12,75
2009-04-13,82
2009-04-14,86
2009-04-15,70
2009-04-16,66
2009-04-17,73
2009-04-18,81
2009-04-19,93
2009-04-20,97
2009-04-21,99
2009-04-22,99
2009-04-23,93
2009-04-24,91
2009-04-25,84
2009-04-26,81
2009-04-27,84
2009-04-28,90
2009-04-29,86
2009-04-30,90
2009-05-01,90
2009-05-02,86
2009-05-03,90
2009-05-04,91
2009-05-05,95
2009-05-06,99
2009-05-07,102
2009-05-08,102
2009-05-09,102
2009-05-10,102
2009-05-11,102
2009-05-12,100
2009-05-13,99
2009-05-14,100
2009-05-15,99
2009-05-16,100
2009-05-17,102
2009-05-18,106
2009-05-19,102
2009-05-20,91
2009-05-21,82
2009-05-22,82
2009-05-23,90
2009-05-24,97
2009-05-25,95
2009-05-26,97
2009-05-27,97
2009-05-28,99
2009-05-29,99
2009-05-30,99
2009-05-31,97
2009-06-01,99
2009-06-02,100
2009-06-03,102
2009-06-04,106
2009-06-05,97
2009-06-06,90
2009-06-07,91
2009-06-08,95
2009-06-09,93
2009-06-10,93
2009-06-11,91
2009-06-12,97
2009-06-13,97
2009-06-14,93
2009-06-15,97
2009-06-16,97
2009-06-17,95
2009-06-18,97
2009-06-19,90
2009-06-20,97
2009-06-21,100
2009-06-22,102
2009-06-23,104
2009-06-24,106
2009-06-25,95
2009-06-26,102
2009-06-27,106
2009-06-28,108
2009-06-29,106
2009-06-30,104
2009-07-01,100
2009-07-02,99
2009-07-03,104
2009-07-04,100
2009-07-05,106
2009-07-06,106
2009-07-07,106
2009-07-08,106
2009-07-09,106
2009-07-10,109
2009-07-11,109
2009-07-12,109
2009-07-13,109
2009-07-14,111
2009-07-15,104
2009-07-16,108
2009-07-17,111
2009-07-18,111
2009-07-19,111
2009-07-20,109
2009-07-21,102
2009-07-22,106
2009-07-23,100
2009-07-24,100
2009-07-25,106
2009-07-26,108
2009-07-27,111
2009-07-28,111
2009-07-29,108
2009-07-30,106
2009-07-31,106
2009-08-01,108
2009-08-02,109
2009-08-03,109
2009-08-04,108
2009-08-05,109
2009-08-06,108
2009-08-07,100
2009-08-08,100
2009-08-09,102
2009-08-10,104
2009-08-11,100
2009-08-12,106
2009-08-13,93
2009-08-14,104
2009-08-15,106
2009-08-16,104
2009-08-17,108
2009-08-18,108
2009-08-19,104
2009-08-20,106
2009-08-21,106
2009-08-22,91
2009-08-23,99
2009-08-24,99
2009-08-25,100
2009-08-26,104
2009-08-27,109
2009-08-28,109
2009-08-29,109
2009-08-30,108
2009-08-31,106
2009-09-01,102
2009-09-02,100
2009-09-03,102
2009-09-04,100
2009-09-05,86
2009-09-06,95
2009-09-07,99
2009-09-08,97
2009-09-09,99
2009-09-10,102
2009-09-11,104
2009-09-12,100
2009-09-13,99
2009-09-14,100
2009-09-15,99
2009-09-16,97
2009-09-17,99
2009-09-18,97
2009-09-19,99
2009-09-20,99
2009-09-21,100
2009-09-22,97
2009-09-23,91
2009-09-24,93
2009-09-25,100
2009-09-26,102
2009-09-27,104
2009-09-28,102
2009-09-29,100
2009-09-30,97
2009-10-01,88
2009-10-02,88
2009-10-03,84
2009-10-04,90
2009-10-05,81
2009-10-06,84
2009-10-07,81
2009-10-08,81
2009-10-09,84
2009-10-10,84
2009-10-11,84
2009-10-12,86
2009-10-13,82
2009-10-14,84
2009-10-15,90
2009-10-16,97
2009-10-17,100
2009-10-18,99
2009-10-19,93
2009-10-20,77
2009-10-21,79
2009-10-22,82
2009-10-23,84
2009-10-24,86
2009-10-25,86
2009-10-26,82
2009-10-27,86
2009-10-28,61
2009-10-29,63
2009-10-30,64
2009-10-31,81
2009-11-01,84
2009-11-02,57
2009-11-03,93
2009-11-04,90
2009-11-05,91
2009-11-06,81
2009-11-07,84
2009-11-08,82
2009-11-09,82
2009-11-10,90
2009-11-11,90
2009-11-12,79
2009-11-13,70
2009-11-14,66
2009-11-15,66
2009-11-16,72
2009-11-17,75
2009-11-18,75
2009-11-19,73
2009-11-20,75
2009-11-21,75
2009-11-22,73
2009-11-23,72
2009-11-24,73
2009-11-25,75
2009-11-26,81
2009-11-27,79
2009-11-28,72
2009-11-29,64
2009-11-30,64
2009-12-01,66
2009-12-02,66
2009-12-03,66
2009-12-04,59
2009-12-05,57
2009-12-06,59
2009-12-07,59
2009-12-08,55
2009-12-09,55
2009-12-10,55
2009-12-11,61
2009-12-12,64
2009-12-13,68
2009-12-14,64
2009-12-15,68
2009-12-16,72
2009-12-17,70
2009-12-18,70
2009-12-19,72
2009-12-20,70
2009-12-21,64
2009-12-22,68
2009-12-23,54
2009-12-24,57
2009-12-25,55
2009-12-26,57
2009-12-27,59
2009-12-28,61
2009-12-29,61
2009-12-30,64
2009-12-31,63
2010-01-01,66
2010-01-02,68
2010-01-03,68
2010-01-04,72
2010-01-05,72
2010-01-06,66
2010-01-07,68
2010-01-08,66
2010-01-09,68
2010-01-10,68
2010-01-11,70
2010-01-12,75
2010-01-13,72
2010-01-14,66
2010-01-15,72
2010-01-16,70
2010-01-17,70
2010-01-18,59
2010-01-19,66
2010-01-20,63
2010-01-21,64
2010-01-22,57
2010-01-23,54
2010-01-24,55
2010-01-25,57
2010-01-26,63
2010-01-27,63
2010-01-28,57
2010-01-29,63
2010-01-30,64
2010-01-31,66
2010-02-01,64
2010-02-02,70
2010-02-03,66
2010-02-04,64
2010-02-05,64
2010-02-06,70
2010-02-07,61
2010-02-08,59
2010-02-09,63
2010-02-10,54
2010-02-11,61
2010-02-12,64
2010-02-13,70
2010-02-14,73
2010-02-15,72
2010-02-16,73
2010-02-17,73
2010-02-18,72
2010-02-19,75
2010-02-20,57
2010-02-21,63
2010-02-22,57
2010-02-23,59
2010-02-24,64
2010-02-25,68
2010-02-26,66
2010-02-27,70
2010-02-28,59
2010-03-01,64
2010-03-02,72
2010-03-03,70
2010-03-04,70
2010-03-05,66
2010-03-06,75
2010-03-07,61
2010-03-08,57
2010-03-09,61
2010-03-10,61
2010-03-11,59
2010-03-12,66
2010-03-13,72
2010-03-14,63
2010-03-15,72
2010-03-16,77
2010-03-17,82
2010-03-18,81
2010-03-19,73
2010-03-20,70
2010-03-21,75
2010-03-22,81
2010-03-23,63
2010-03-24,70
2010-03-25,77
2010-03-26,72
2010-03-27,72
2010-03-28,79
2010-03-29,82
2010-03-30,86
2010-03-31,82
2010-04-01,64
2010-04-02,68
2010-04-03,79
2010-04-04,82
2010-04-05,82
2010-04-06,75
2010-04-07,73
2010-04-08,82
2010-04-09,86
2010-04-10,88
2010-04-11,90
2010-04-12,84
2010-04-13,73
2010-04-14,81
2010-04-15,88
2010-04-16,84
2010-04-17,88
2010-04-18,91
2010-04-19,84
2010-04-20,88
2010-04-21,72
2010-04-22,64
2010-04-23,70
2010-04-24,79
2010-04-25,88
2010-04-26,90
2010-04-27,93
2010-04-28,91
2010-04-29,72
2010-04-30,70
2010-05-01,79
2010-05-02,81
2010-05-03,82
2010-05-04,90
2010-05-05,99
2010-05-06,93
2010-05-07,93
2010-05-08,97
2010-05-09,95
2010-05-10,82
2010-05-11,77
2010-05-12,81
2010-05-13,84
2010-05-14,90
2010-05-15,91
2010-05-16,95
2010-05-17,95
2010-05-18,88
2010-05-19,90
2010-05-20,97
2010-05-21,100
2010-05-22,90
2010-05-23,79
2010-05-24,79
2010-05-25,86
2010-05-26,93
2010-05-27,97
2010-05-28,99
2010-05-29,93
2010-05-30,97
2010-05-31,99
2010-06-01,99
2010-06-02,95
2010-06-03,100
2010-06-04,102
2010-06-05,106
2010-06-06,108
2010-06-07,106
2010-06-08,106
2010-06-09,106
2010-06-10,102
2010-06-11,95
2010-06-12,86
2010-06-13,91
2010-06-14,97
2010-06-15,102
2010-06-16,102
2010-06-17,104
2010-06-18,106
2010-06-19,106
2010-06-20,104
2010-06-21,106
2010-06-22,102
2010-06-23,108
2010-06-24,109
2010-06-25,109
2010-06-26,106
2010-06-27,106
2010-06-28,109
2010-06-29,108
2010-06-30,109
2010-07-01,111
2010-07-02,111
2010-07-03,104
2010-07-04,100
2010-07-05,102
2010-07-06,102
2010-07-07,106
2010-07-08,108
2010-07-09,109
2010-07-10,108
2010-07-11,106
2010-07-12,106
2010-07-13,108
2010-07-14,108
2010-07-15,111
2010-07-16,109
2010-07-17,108
2010-07-18,108
2010-07-19,109
2010-07-20,106
2010-07-21,106
2010-07-22,91
2010-07-23,99
2010-07-24,102
2010-07-25,108
2010-07-26,102
2010-07-27,102
2010-07-28,100
2010-07-29,99
2010-07-30,95
2010-07-31,84
2010-08-01,93
2010-08-02,100
2010-08-03,104
2010-08-04,108
2010-08-05,108
2010-08-06,106
2010-08-07,97
2010-08-08,100
2010-08-09,100
2010-08-10,106
2010-08-11,108
2010-08-12,108
2010-08-13,108
2010-08-14,106
2010-08-15,106
2010-08-16,100
2010-08-17,106
2010-08-18,100
2010-08-19,108
2010-08-20,108
2010-08-21,102
2010-08-22,99
2010-08-23,106
2010-08-24,109
2010-08-25,100
2010-08-26,91
2010-08-27,84
2010-08-28,99
2010-08-29,99
2010-08-30,97
2010-08-31,99
2010-09-01,102
2010-09-02,104
2010-09-03,108
2010-09-04,106
2010-09-05,102
2010-09-06,97
2010-09-07,91
2010-09-08,90
2010-09-09,93
2010-09-10,86
2010-09-11,88
2010-09-12,90
2010-09-13,93
2010-09-14,93
2010-09-15,95
2010-09-16,93
2010-09-17,97
2010-09-18,100
2010-09-19,97
2010-09-20,97
2010-09-21,99
2010-09-22,91
2010-09-23,93
2010-09-24,99
2010-09-25,102
2010-09-26,102
2010-09-27,102
2010-09-28,99
2010-09-29,100
2010-09-30,106
2010-10-01,100
2010-10-02,100
2010-10-03,95
2010-10-04,93
2010-10-05,82
2010-10-06,88
2010-10-07,90
2010-10-08,84
2010-10-09,88
2010-10-10,88
2010-10-11,90
2010-10-12,91
2010-10-13,97
2010-10-14,97
2010-10-15,90
2010-10-16,90
2010-10-17,86
2010-10-18,84
2010-10-19,82
2010-10-20,73
2010-10-21,70
2010-10-22,73
2010-10-23,75
2010-10-24,79
2010-10-25,77
2010-10-26,79
2010-10-27,81
2010-10-28,90
2010-10-29,90
2010-10-30,88
2010-10-31,79
2010-11-01,82
2010-11-02,64
2010-11-09,66
2010-11-10,70
2010-11-11,70
2010-11-12,70
2010-11-13,73
2010-11-14,70
2010-11-15,72
2010-11-16,75
2010-11-17,77
2010-11-18,79
2010-11-19,79
2010-11-20,77
2010-11-21,70
2010-11-22,61
2010-11-23,61
2010-11-24,61
2010-11-25,61
2010-11-26,64
2010-11-27,68
2010-11-28,59
2010-11-29,54
2010-11-30,59
2010-12-01,70
2010-12-02,73
2010-12-03,72
2010-12-04,75
2010-12-05,75
2010-12-06,73
2010-12-07,73
2010-12-08,77
2010-12-09,73
2010-12-10,73
2010-12-11,72
2010-12-12,79
2010-12-13,81
2010-12-14,75
2010-12-15,72
2010-12-16,63
2010-12-17,61
2010-12-18,66
2010-12-19,73
2010-12-20,73
2010-12-21,64
2010-12-22,73
2010-12-23,61
2010-12-24,64
2010-12-25,73
2010-12-26,64
2010-12-27,63
2010-12-28,63
2010-12-29,55
2010-12-30,52
2010-12-31,45
2011-01-01,45
2011-01-02,54
2011-01-03,57
2011-01-04,57
2011-01-05,55
2011-01-06,61
2011-01-07,63
2011-01-08,59
2011-01-09,63
2011-01-10,59
2011-01-11,61
2011-01-12,66
2011-01-13,70
2011-01-14,70
2011-01-15,72
2011-01-16,68
2011-01-17,72
2011-01-18,73
2011-01-19,73
2011-01-20,70
2011-01-21,66
2011-01-22,70
2011-01-23,68
2011-01-24,66
2011-01-25,66
2011-01-26,70
2011-01-27,70
2011-01-28,72
2011-01-29,72
2011-01-30,73
2011-01-31,61
2011-02-01,61
2011-02-02,41
2011-02-03,43
2011-02-04,52
2011-02-05,61
2011-02-06,68
2011-02-07,70
2011-02-08,68
2011-02-09,64
2011-02-10,63
2011-02-11,72
2011-02-12,75
2011-02-13,55
2011-02-14,66
2011-02-15,79
2011-02-16,75
2011-02-17,70
2011-02-18,68
2011-02-19,70
2011-02-20,55
2011-02-21,57
2011-02-22,63
2011-02-23,64
2011-02-24,63
2011-02-25,70
2011-02-26,66
2011-02-27,54
2011-02-28,64
2011-03-01,73
2011-03-02,75
2011-03-03,75
2011-03-04,77
2011-03-05,77
2011-03-06,79
2011-03-07,73
2011-03-08,68
2011-03-09,79
2011-03-10,86
2011-03-11,84
2011-03-12,82
2011-03-13,82
2011-03-14,84
2011-03-15,82
2011-03-16,88
2011-03-17,90
2011-03-18,88
2011-03-19,79
2011-03-20,81
2011-03-21,66
2011-03-22,64
2011-03-23,72
2011-03-24,72
2011-03-25,72
2011-03-26,75
2011-03-27,73
2011-03-28,81
2011-03-29,82
2011-03-30,84
2011-03-31,90
2011-04-01,93
2011-04-02,93
2011-04-03,84
2011-04-04,79
2011-04-05,88
2011-04-06,79
2011-04-07,81
2011-04-08,72
2011-04-09,57
2011-04-10,63
2011-04-11,81
2011-04-12,81
2011-04-13,84
2011-04-14,79
2011-04-15,84
2011-04-16,91
2011-04-17,95
2011-04-18,91
2011-04-19,88
2011-04-20,90
2011-04-21,90
2011-04-22,88
2011-04-23,86
2011-04-24,84
2011-04-25,84
2011-04-26,86
2011-04-27,82
2011-04-28,91
2011-04-29,90
2011-04-30,79
2011-05-01,75
2011-05-02,82
2011-05-03,91
2011-05-04,93
2011-05-05,97
2011-05-06,97
2011-05-07,97
2011-05-08,95
2011-05-09,81
2011-05-10,73
2011-05-11,82
2011-05-12,90
2011-05-13,97
2011-05-14,93
2011-05-15,91
2011-05-16,88
2011-05-17,79
2011-05-18,77
2011-05-19,75
2011-05-20,84
2011-05-21,91
2011-05-22,91
2011-05-23,91
2011-05-24,88
2011-05-25,93
2011-05-26,99
2011-05-27,100
2011-05-28,102
2011-05-29,90
2011-05-30,82
2011-05-31,95
2011-06-01,99
2011-06-02,91
2011-06-03,97
2011-06-04,102
2011-06-05,104
2011-06-06,93
2011-06-07,97
2011-06-08,95
2011-06-09,95
2011-06-10,99
2011-06-11,99
2011-06-12,100
2011-06-13,100
2011-06-14,100
2011-06-15,106
2011-06-16,104
2011-06-17,104
2011-06-18,102
2011-06-19,100
2011-06-20,100
2011-06-21,106
2011-06-22,109
2011-06-23,109
2011-06-24,108
2011-06-25,109
2011-06-26,109
2011-06-27,111
2011-06-28,109
2011-06-29,108
2011-06-30,106
2011-07-01,109
2011-07-02,115
2011-07-03,108
2011-07-04,102
2011-07-05,104
2011-07-06,100
2011-07-07,104
2011-07-08,106
2011-07-09,106
2011-07-10,100
2011-07-11,99
2011-07-12,100
2011-07-13,100
2011-07-14,100
2011-07-15,100
2011-07-16,104
2011-07-17,108
2011-07-18,108
2011-07-19,106
2011-07-20,108
2011-07-21,106
2011-07-22,104
2011-07-23,102
2011-07-24,99
2011-07-25,100
2011-07-26,104
2011-07-27,102
2011-07-28,106
2011-07-29,102
2011-07-30,106
2011-07-31,108
2011-08-01,104
2011-08-02,108
2011-08-03,106
2011-08-04,106
2011-08-05,108
2011-08-06,106
2011-08-07,102
2011-08-08,102
2011-08-09,102
2011-08-10,102
2011-08-11,100
2011-08-12,93
2011-08-13,100
2011-08-14,104
2011-08-15,104
2011-08-16,102
2011-08-17,108
2011-08-18,109
2011-08-19,100
2011-08-20,104
2011-08-21,106
2011-08-22,109
2011-08-23,111
2011-08-24,111
2011-08-25,108
2011-08-26,109
2011-08-27,109
2011-08-28,108
2011-08-29,109
2011-08-30,109
2011-08-31,109
2011-09-01,108
2011-09-02,102
2011-09-03,106
2011-09-04,108
2011-09-05,100
2011-09-06,102
2011-09-07,106
2011-09-08,108
2011-09-09,100
2011-09-10,99
2011-09-11,99
2011-09-12,97
2011-09-13,93
2011-09-14,91
2011-09-15,93
2011-09-16,95
2011-09-17,93
2011-09-18,97
2011-09-19,99
2011-09-20,102
2011-09-21,102
2011-09-22,102
2011-09-23,104
2011-09-24,102
2011-09-25,102
2011-09-26,97
2011-09-27,99
2011-09-28,97
2011-09-29,99
2011-09-30,100
2011-10-01,97
2011-10-02,97
2011-10-03,97
2011-10-04,91
2011-10-05,82
2011-10-06,72
2011-10-07,73
2011-10-08,75
2011-10-09,81
2011-10-10,84
2011-10-11,88
2011-10-12,93
2011-10-13,97
2011-10-14,97
2011-10-15,99
2011-10-16,95
2011-10-17,95
2011-10-18,93
2011-10-19,91
2011-10-27,73
2011-10-28,82
2011-10-29,84
2011-10-30,88
2011-10-31,88
2011-11-01,88
2011-11-02,75
2011-11-03,79
2011-11-04,81
2011-11-05,57
2011-11-06,63
2011-11-07,57
2011-11-08,61
2011-11-09,72
2011-11-10,75
2011-11-11,70
2011-11-12,72
2011-11-13,66
2011-11-14,70
2011-11-15,70
2011-11-16,72
2011-11-17,75
2011-11-18,75
2011-11-19,72
2011-11-20,73
2011-11-21,64
2011-11-22,70
2011-11-23,79
2011-11-24,66
2011-11-25,68
2011-11-26,73
2011-11-27,72
2011-11-28,73
2011-11-29,72
2011-11-30,73
2011-12-01,63
2011-12-02,57
2011-12-03,55
2011-12-04,52
2011-12-05,52
2011-12-06,52
2011-12-07,57
2011-12-08,57
2011-12-09,63
2011-12-10,68
2011-12-11,64
2011-12-12,57
2011-12-13,52
2011-12-14,55
2011-12-15,57
2011-12-17,64
2011-12-18,54
2011-12-19,57
2011-12-20,57
2011-12-21,59
2011-12-22,54
2011-12-23,54
2011-12-24,57
2011-12-25,61
2011-12-26,61
2011-12-27,61
2011-12-28,63
2011-12-29,66
2011-12-30,72
2011-12-31,72
2012-01-01,79
2012-01-02,77
2012-01-03,73
2012-01-04,75
2012-01-05,72
2012-01-06,70
2012-01-07,70
2012-01-08,63
2012-01-09,63
2012-01-10,66
2012-01-11,63
2012-01-12,61
2012-01-13,68
2012-01-14,66
2012-01-15,63
2012-01-16,63
2012-01-17,63
2012-01-18,64
2012-01-19,66
2012-01-20,68
2012-01-21,73
2012-01-22,61
2012-01-23,63
2012-01-24,63
2012-01-25,66
2012-01-26,70
2012-01-27,70
2012-01-28,73
2012-01-29,75
2012-01-30,72
2012-01-31,57
2012-02-01,72
2012-02-02,64
2012-02-03,63
2012-02-04,64
2012-02-05,66
2012-02-06,64
2012-02-07,73
2012-02-08,73
2012-02-09,73
2012-02-10,75
2012-02-11,81
2012-02-12,66
2012-02-13,66
2012-02-14,54
2012-02-15,61
2012-02-16,63
2012-02-17,64
2012-02-18,66
2012-02-19,66
2012-02-20,64
2012-02-21,72
2012-02-22,73
2012-02-23,75
2012-02-24,75
2012-02-25,75
2012-02-26,75
2012-02-27,75
2012-02-28,59
2012-02-29,64
2012-03-01,72
2012-03-02,64
2012-03-03,68
2012-03-04,77
2012-03-05,79
2012-03-06,82
2012-03-07,64
2012-03-08,66
2012-03-09,68
2012-03-10,66
2012-03-11,75
2012-03-12,79
2012-03-13,82
2012-03-14,81
2012-03-15,82
2012-03-16,82
2012-03-17,79
2012-03-18,63
2012-03-19,54
2012-03-20,63
2012-03-21,72
2012-03-22,81
2012-03-23,84
2012-03-24,84
2012-03-25,81
2012-03-26,72
2012-03-27,79
2012-03-28,82
2012-03-29,82
2012-03-30,86
2012-03-31,91
2012-04-01,72
2012-04-02,70
2012-04-03,77
2012-04-04,81
2012-04-05,88
2012-04-06,79
2012-04-07,84
2012-04-08,90
2012-04-09,90
2012-04-10,91
2012-04-11,73
2012-04-12,73
2012-04-13,81
2012-04-14,64
2012-04-15,72
2012-04-16,81
2012-04-17,88
2012-04-18,93
2012-04-19,91
2012-04-20,93
2012-04-21,99
2012-04-22,102
2012-04-23,99
2012-04-24,95
2012-04-25,90
2012-04-26,79
2012-04-27,82
2012-04-28,90
2012-04-29,91
2012-04-30,91
2012-05-01,91
2012-05-02,91
2012-05-03,93
2012-05-04,93
2012-05-05,93
2012-05-06,93
2012-05-07,90
2012-05-08,91
2012-05-09,88
2012-05-10,91
2012-05-11,97
2012-05-12,97
2012-05-13,100
2012-05-14,100
2012-05-15,102
2012-05-16,104
2012-05-17,102
2012-05-18,97
2012-05-19,93
2012-05-20,100
2012-05-21,106
2012-05-22,108
2012-05-23,102
2012-05-24,97
2012-05-25,93
2012-05-26,79
2012-05-27,84
2012-05-28,91
2012-05-29,99
2012-05-30,99
2012-05-31,106
2012-06-01,109
2012-06-02,106
2012-06-03,100
2012-06-04,102
2012-06-05,100
2012-06-06,100
2012-06-07,102
2012-06-08,104
2012-06-09,102
2012-06-10,100
2012-06-11,102
2012-06-12,104
2012-06-13,106
2012-06-14,104
2012-06-15,102
2012-06-16,102
2012-06-17,108
2012-06-18,109
2012-06-19,106
2012-06-20,106
2012-06-21,108
2012-06-22,108
2012-06-23,106
2012-06-24,104
2012-06-25,104
2012-06-26,108
2012-06-27,109
2012-06-28,108
2012-06-29,108
2012-06-30,106
2012-07-01,108
2012-07-02,106
2012-07-03,99
2012-07-04,84
2012-07-05,97
2012-07-06,102
2012-07-07,106
2012-07-08,106
2012-07-09,109
2012-07-10,108
2012-07-11,106
2012-07-12,100
2012-07-13,91
2012-07-14,91
2012-07-15,93
2012-07-16,100
2012-07-17,100
2012-07-18,102
2012-07-19,102
2012-07-20,106
2012-07-21,102
2012-07-22,97
2012-07-23,100
2012-07-24,99
2012-07-25,102
2012-07-26,104
2012-07-27,106
2012-07-28,100
2012-07-29,99
2012-07-30,97
2012-07-31,99
2012-08-01,100
2012-08-02,102
2012-08-03,106
2012-08-04,106
2012-08-05,104
2012-08-06,106
2012-08-07,108
2012-08-08,111
2012-08-09,108
2012-08-10,109
2012-08-11,109
2012-08-12,111
2012-08-13,109
2012-08-14,109
2012-08-15,95
2012-08-16,90
2012-08-17,90
2012-08-18,97
2012-08-19,100
2012-08-20,102
2012-08-21,99
2012-08-22,84
2012-08-23,93
2012-08-24,97
2012-08-25,99
2012-08-26,102
2012-08-27,104
2012-08-28,106
2012-08-29,102
2012-08-30,99
2012-08-31,99
2012-09-01,102
2012-09-02,104
2012-09-03,100
2012-09-04,99
2012-09-05,99
2012-09-06,99
2012-09-07,84
2012-09-08,95
2012-09-09,91
2012-09-10,95
2012-09-11,79
2012-09-12,88
2012-09-13,97
2012-09-14,91
2012-09-15,93
2012-09-16,95
2012-09-17,93
2012-09-18,97
2012-09-19,100
2012-09-20,100
2012-09-21,100
2012-09-22,102
2012-09-23,100
2012-09-24,99
2012-09-25,97
2012-09-26,93
2012-09-27,93
2012-09-28,93
2012-09-29,93
2012-09-30,99
2012-10-01,99
2012-10-02,100
2012-10-03,100
2012-10-04,99
2012-10-05,93
2012-10-06,91
2012-10-07,91
2012-10-08,93
2012-10-09,90
2012-10-10,91
2012-10-11,88
2012-10-12,73
2012-10-13,59
2012-10-15,93
2012-10-16,90
2012-10-17,91
2012-10-18,88
2012-10-19,90
2012-10-20,90
2012-10-21,88
2012-10-22,84
2012-10-23,82
2012-10-24,81
2012-10-25,81
2012-10-26,81
2012-10-27,84
2012-10-28,88
2012-10-29,88
2012-10-30,86
2012-10-31,86
2012-11-01,88
2012-11-02,84
2012-11-03,82
2012-11-04,88
2012-11-05,88
2012-11-06,90
2012-11-07,88
2012-11-08,82
2012-11-09,79
2012-11-10,61
2012-11-11,59
2012-11-12,70
2012-11-13,73
2012-11-14,79
2012-11-15,72
2012-11-16,77
2012-11-17,72
2012-11-18,75
2012-11-19,75
2012-11-20,81
2012-11-21,79
2012-11-22,77
2012-11-23,81
2012-11-24,82
2012-11-25,79
2012-11-26,77
2012-11-27,81
2012-11-28,79
2012-11-29,75
2012-11-30,73
2012-12-01,73
2012-12-02,73
2012-12-03,73
2012-12-04,75
2012-12-05,79
2012-12-06,73
2012-12-07,73
2012-12-08,72
2012-12-09,70
2012-12-10,54
2012-12-11,66
2012-12-12,70
2012-12-13,70
2012-12-14,57
2012-12-15,55
2012-12-16,55
2012-12-17,59
2012-12-18,61
2012-12-19,52
2012-12-20,61
2012-12-21,66
2012-12-22,68
2012-12-23,64
2012-12-24,63
2012-12-25,54
2012-12-26,59
2012-12-27,55
2012-12-28,54
2012-12-29,61
2012-12-30,55
2012-12-31,52
2013-01-01,52
2013-01-02,61
2013-01-03,61
2013-01-04,57
2013-01-05,61
2013-01-06,61
2013-01-07,55
2013-01-08,63
2013-01-09,66
2013-01-10,66
2013-01-11,50
2013-01-12,48
2013-01-13,46
2013-01-14,41
2013-01-15,46
2013-01-16,57
2013-01-17,70
2013-01-18,72
2013-01-19,72
2013-01-20,70
2013-01-21,73
2013-01-22,75
2013-01-23,79
2013-01-24,64
2013-01-25,72
2013-01-26,63
2013-01-27,66
2013-01-28,57
2013-01-29,54
2013-01-30,57
2013-01-31,63
2013-02-01,64
2013-02-02,72
2013-02-03,66
2013-02-04,66
2013-02-05,72
2013-02-06,70
2013-02-07,68
2013-02-08,64
2013-02-09,55
2013-02-10,55
2013-02-11,52
2013-02-12,54
2013-02-13,61
2013-02-14,64
2013-02-15,72
2013-02-16,75
2013-02-17,72
2013-02-18,70
2013-02-19,70
2013-02-20,54
2013-02-21,55
2013-02-22,57
2013-02-23,63
2013-02-24,57
2013-02-25,57
2013-02-26,64
2013-02-27,63
2013-02-28,66
2013-03-01,73
2013-03-02,81
2013-03-03,75
2013-03-04,72
2013-03-05,75
2013-03-06,79
2013-03-07,75
2013-03-08,64
2013-03-09,55
2013-03-10,64
2013-03-11,68
2013-03-12,77
2013-03-13,84
2013-03-14,90
2013-03-15,90
2013-03-16,86
2013-03-17,82
2013-03-18,82
2013-03-19,81
2013-03-20,81
2013-03-21,81
2013-03-22,81
2013-03-23,75
2013-03-24,75
2013-03-25,81
2013-03-26,86
2013-03-27,86
2013-03-28,84
2013-03-29,84
2013-03-30,82
2013-03-31,88
2013-04-01,82
2013-04-02,81
2013-04-03,82
2013-04-04,86
2013-04-05,88
2013-04-06,86
2013-04-07,86
2013-04-08,82
2013-04-09,72
2013-04-10,72
2013-04-11,81
2013-04-12,81
2013-04-13,88
2013-04-14,88
2013-04-15,88
2013-04-16,82
2013-04-17,72
2013-04-18,72
2013-04-19,81
2013-04-20,88
2013-04-21,90
2013-04-22,93
2013-04-23,82
2013-04-25,81
2013-04-26,88
2013-04-27,91
2013-04-28,95
2013-04-29,99
2013-04-30,99
2013-05-01,91
2013-05-02,90
2013-05-03,88
2013-05-04,95
2013-05-05,90
2013-05-07,82
2013-05-08,81
2013-05-09,82
2013-05-10,90
2013-05-11,91
2013-05-12,95
2013-05-13,99
2013-05-14,100
2013-05-15,100
2013-05-16,99
2013-05-17,93
2013-05-18,91
2013-05-19,91
2013-05-20,93
2013-05-21,97
2013-05-22,100
2013-05-23,99
2013-05-24,99
2013-05-25,99
2013-05-26,95
2013-05-27,95
2013-05-28,95
2013-05-29,97
2013-05-30,99
2013-05-31,99
2013-06-01,106
2013-06-02,108
2013-06-03,104
2013-06-04,102
2013-06-05,100
2013-06-06,106
2013-06-07,108
2013-06-08,108
2013-06-09,106
2013-06-10,108
2013-06-11,108
2013-06-12,108
2013-06-13,106
2013-06-14,102
2013-06-15,106
2013-06-16,106
2013-06-17,106
2013-06-18,106
2013-06-19,104
2013-06-20,106
2013-06-21,106
2013-06-22,104
2013-06-23,104
2013-06-24,102
2013-06-25,104
2013-06-26,104
2013-06-27,108
2013-06-28,111
2013-06-29,115
2013-06-30,111
2013-07-01,108
2013-07-02,104
2013-07-03,109
2013-07-04,108
2013-07-05,104
2013-07-06,108
2013-07-07,109
2013-07-08,109
2013-07-09,102
2013-07-10,100
2013-07-11,93
2013-07-12,93
2013-07-13,102
2013-07-14,108
2013-07-15,108
2013-07-16,97
2013-07-17,100
2013-07-18,102
2013-07-19,100
2013-07-20,99
2013-07-21,88
2013-07-22,91
2013-07-23,99
2013-07-24,102
2013-07-25,99
2013-07-26,100
2013-07-27,100
2013-07-28,106
2013-07-29,104
2013-07-30,104
2013-07-31,108
2013-08-01,102
2013-08-02,99
2013-08-03,104
2013-08-04,102
2013-08-05,99
2013-08-06,84
2013-08-07,99
2013-08-08,102
2013-08-09,106
2013-08-10,102
2013-08-11,104
2013-08-12,106
2013-08-13,104
2013-08-14,106
2013-08-15,106
2013-08-16,109
2013-08-17,109
2013-08-18,109
2013-08-19,108
2013-08-20,108
2013-08-21,97
2013-08-22,102
2013-08-23,100
2013-08-24,97
2013-08-25,90
2013-08-26,99
2013-08-27,104
2013-08-28,102
2013-08-29,91
2013-08-30,97
2013-08-31,99
2013-09-01,100
2013-09-02,99
2013-09-03,106
2013-09-04,106
2013-09-05,106
2013-09-06,106
2013-09-07,93
2013-09-08,84
2013-09-09,81
2013-09-10,88
2013-09-11,91
2013-09-12,95
2013-09-13,97
2013-09-14,100
2013-09-15,102
2013-09-16,102
2013-09-17,102
2013-09-18,104
2013-09-19,99
2013-09-20,100
2013-09-21,99
2013-09-22,90
2013-09-23,90
2013-09-24,95
2013-09-25,95
2013-09-26,93
2013-09-27,82
2013-09-28,88
2013-09-29,90
2013-09-30,91
2013-10-01,93
2013-10-02,91
2013-10-03,91
2013-10-04,84
2013-10-05,82
2013-10-06,90
2013-10-07,93
2013-10-08,91
2013-10-09,88
2013-10-10,68
2013-10-11,73
2013-10-12,82
2013-10-13,84
2013-10-14,82
2013-10-15,81
2013-10-16,79
2013-10-17,79
2013-10-18,81
2013-10-19,84
2013-10-20,84
2013-10-21,84
2013-10-22,90
2013-10-23,91
2013-10-24,90
2013-10-25,86
2013-10-26,86
2013-10-27,88
2013-10-28,82
2013-10-29,73
2013-10-30,70
2013-10-31,72
2013-11-01,79
2013-11-02,84
2013-11-03,81
2013-11-04,81
2013-11-05,72
2013-11-06,75
2013-11-07,82
2013-11-08,82
2013-11-09,82
2013-11-10,81
2013-11-11,88
2013-11-12,90
2013-11-13,81
2013-11-14,79
2013-11-15,81
2013-11-16,72
2013-11-17,73
2013-11-18,77
2013-11-19,75
2013-11-20,72
2013-11-21,73
2013-11-22,57
2013-11-23,55
2013-11-24,57
2013-11-25,59
2013-11-26,66
2013-11-27,66
2013-11-28,70
2013-11-29,70
2013-11-30,63
2013-12-01,66
2013-12-02,66
2013-12-03,73
2013-12-04,63
2013-12-05,54
2013-12-06,52
2013-12-07,55
2013-12-08,55
2013-12-09,52
2013-12-10,59
2013-12-11,66
2013-12-12,66
2013-12-13,61
2013-12-14,63
2013-12-15,66
2013-12-16,72
2013-12-17,73
2013-12-18,70
2013-12-19,70
2013-12-20,57
2013-12-21,57
2013-12-22,57
2013-12-23,63
2013-12-24,64
2013-12-25,68
2013-12-26,66
2013-12-27,70
2013-12-28,64
2013-12-29,64
2013-12-30,63
2013-12-31,64
2014-01-01,66
2014-01-02,73
2014-01-03,70
2014-01-04,64
2014-01-05,63
2014-01-06,64
2014-01-07,66
2014-01-08,64
2014-01-09,63
2014-01-10,63
2014-01-11,66
2014-01-12,66
2014-01-13,66
2014-01-14,70
2014-01-15,72
2014-01-16,70
2014-01-17,73
2014-01-18,72
2014-01-19,70
2014-01-20,72
2014-01-21,77
2014-01-22,72
2014-01-23,70
2014-01-24,66
2014-01-25,72
2014-01-26,70
2014-01-27,72
2014-01-28,70
2014-01-29,70
2014-01-30,79
2014-01-31,68
2014-02-01,59
2014-02-02,57
2014-02-03,59
2014-02-04,61
2014-02-05,61
2014-02-06,57
2014-02-07,66
2014-02-08,68
2014-02-09,73
2014-02-10,73
2014-02-11,73
2014-02-12,75
2014-02-13,81
2014-02-14,82
2014-02-15,84
2014-02-16,82
2014-02-17,82
2014-02-18,82
2014-02-19,79
2014-02-20,73
2014-02-21,73
2014-02-22,75
2014-02-23,77
2014-02-24,79
2014-02-25,73
2014-02-26,79
2014-02-27,77
2014-02-28,81
2014-03-01,70
2014-03-02,64
2014-03-03,70
2014-03-04,73
2014-03-05,77
2014-03-06,77
2014-03-07,77
2014-03-08,75
2014-03-09,77
2014-03-10,79
2014-03-11,79
2014-03-12,81
2014-03-13,77
2014-03-14,73
2014-03-15,81
2014-03-16,75
2014-03-17,84
2014-03-18,77
2014-03-19,79
2014-03-20,81
2014-03-21,81
2014-03-22,79
2014-03-23,82
2014-03-24,82
2014-03-25,84
2014-03-26,81
2014-03-27,72
2014-03-28,75
2014-03-29,82
2014-03-30,82
2014-03-31,82
2014-04-01,79
2014-04-02,68
2014-04-03,70
2014-04-04,77
2014-04-05,75
2014-04-06,79
2014-04-07,84
2014-04-08,91
2014-04-09,91
2014-04-10,97
2014-04-11,95
2014-04-12,84
2014-04-13,88
2014-04-14,82
2014-04-15,88
2014-04-16,90
2014-04-17,90
2014-04-18,81
2014-04-19,84
2014-04-20,88
2014-04-21,93
2014-04-22,93
2014-04-23,84
2014-04-24,88
2014-04-25,91
2014-04-26,73
2014-04-27,75
2014-04-28,84
2014-04-29,82
2014-04-30,84
2014-05-01,88
2014-05-02,91
2014-05-03,97
2014-05-04,99
2014-05-05,95
2014-05-06,86
2014-05-07,75
2014-05-08,81
2014-05-09,86
2014-05-10,93
2014-05-11,79
2014-05-12,84
2014-05-13,88
2014-05-14,90
2014-05-15,95
2014-05-16,100
2014-05-17,102
2014-05-18,100
2014-05-19,99
2014-05-20,95
2014-05-21,90
2014-05-22,91
2014-05-23,86
2014-05-24,90
2014-05-25,91
2014-05-26,99
2014-05-27,102
2014-05-28,104
2014-05-29,97
2014-05-30,102
2014-05-31,106
2014-06-01,102
2014-06-02,108
2014-06-03,106
2014-06-04,106
2014-06-05,106
2014-06-06,104
2014-06-07,102
2014-06-08,102
2014-06-09,106
2014-06-10,108
2014-06-11,102
2014-06-12,106
2014-06-13,106
2014-06-14,100
2014-06-15,100
2014-06-16,104
2014-06-17,102
2014-06-18,99
2014-06-19,100
2014-06-20,106
2014-06-21,106
2014-06-22,106
2014-06-23,106
2014-06-24,106
2014-06-25,106
2014-06-26,106
2014-06-27,100
2014-06-28,106
2014-06-29,108
2014-06-30,106
2014-07-01,108
2014-07-02,108
2014-07-03,106
2014-07-04,97
2014-07-05,100
2014-07-06,100
2014-07-07,104
2014-07-08,102
2014-07-09,95
2014-07-10,100
2014-07-11,102
2014-07-12,106
2014-07-13,102
2014-07-14,99
2014-07-15,95
2014-07-16,102
2014-07-17,102
2014-07-18,102
2014-07-19,100
2014-07-20,104
2014-07-21,102
2014-07-22,109
2014-07-23,109
2014-07-24,111
2014-07-25,106
2014-07-26,104
2014-07-27,100
2014-07-28,102
2014-07-29,106
2014-07-30,108
2014-07-31,104
2014-08-01,91
2014-08-02,91
2014-08-03,99
2014-08-04,102
2014-08-05,100
2014-08-06,104
2014-08-07,100
2014-08-08,100
2014-08-09,100
2014-08-10,100
2014-08-11,104
2014-08-12,93
2014-08-13,91
2014-08-14,99
2014-08-15,100
2014-08-16,102
2014-08-17,106
2014-08-18,97
2014-08-19,91
2014-08-20,97
2014-08-21,88
2014-08-22,93
2014-08-23,97
2014-08-24,100
2014-08-25,99
2014-08-26,97
2014-08-27,99
2014-08-28,102
2014-08-29,104
2014-08-30,106
2014-08-31,106
2014-09-01,106
2014-09-02,106
2014-09-03,106
2014-09-04,102
2014-09-05,97
2014-09-06,100
2014-09-07,99
2014-09-08,86
2014-09-09,90
2014-09-10,91
2014-09-11,97
2014-09-12,102
2014-09-13,99
2014-09-14,99
2014-09-15,100
2014-09-16,86
2014-09-17,88
2014-09-18,91
2014-09-19,95
2014-09-20,97
2014-09-21,97
2014-09-22,97
2014-09-23,99
2014-09-24,100
2014-09-25,100
2014-09-26,93
2014-09-27,93
2014-09-28,86
2014-09-29,86
2014-09-30,86
2014-10-01,88
2014-10-02,88
2014-10-03,93
2014-10-04,97
2014-10-05,93
2014-10-06,90
2014-10-07,88
2014-10-08,75
2014-10-09,79
2014-10-10,84
2014-10-11,88
2014-10-12,91
2014-10-13,86
2014-10-14,90
2014-10-15,90
2014-10-16,90
2014-10-17,86
2014-10-18,90
2014-10-19,90
2014-10-20,88
2014-10-21,86
2014-10-22,88
2014-10-23,90
2014-10-24,91
2014-10-25,95
2014-10-26,88
2014-10-27,82
2014-10-28,84
2014-10-29,88
2014-10-30,91
2014-10-31,91
2014-11-01,81
2014-11-02,72
2014-11-03,72
2014-11-04,77
2014-11-05,81
2014-11-06,82
2014-11-07,81
2014-11-08,88
2014-11-09,82
2014-11-10,84
2014-11-11,82
2014-11-12,79
2014-11-13,79
2014-11-14,73
2014-11-15,75
2014-11-16,70
2014-11-17,68
2014-11-18,70
2014-11-19,70
2014-11-20,70
2014-11-21,70
2014-11-22,70
2014-11-23,70
2014-11-24,66
2014-11-25,64
2014-11-26,70
2014-11-27,84
2014-11-28,81
2014-11-29,79
2014-11-30,77
2014-12-01,72
2014-12-02,66
2014-12-03,73
2014-12-04,66
2014-12-05,68
2014-12-06,63
2014-12-07,72
2014-12-08,70
2014-12-09,72
2014-12-10,72
2014-12-11,72
2014-12-12,75
2014-12-13,63
2014-12-14,59
2014-12-15,59
2014-12-16,63
2014-12-17,57
2014-12-18,59
2014-12-19,61
2014-12-20,61
2014-12-21,61
2014-12-22,63
2014-12-23,64
2014-12-24,63
2014-12-25,63
2014-12-26,54
2014-12-27,55
2014-12-28,55
2014-12-29,57
2014-12-30,64
2014-12-31,54
2015-01-01,43
2015-01-02,48
2015-01-03,52
2015-01-04,61
2015-01-05,68
2015-01-06,72
2015-01-07,79
2015-01-08,66
2015-01-09,70
2015-01-10,66
2015-01-11,70
2015-01-12,66
2015-01-13,63
2015-01-14,63
2015-01-15,68
2015-01-16,72
2015-01-17,72
2015-01-18,72
2015-01-19,75
2015-01-20,73
2015-01-21,68
2015-01-22,61
2015-01-23,61
2015-01-24,72
2015-01-25,73
2015-01-26,64
2015-01-27,70
2015-01-28,72
2015-01-29,64
2015-01-30,59
2015-01-31,55
2015-02-01,63
2015-02-02,70
2015-02-03,72
2015-02-04,73
2015-02-05,77
2015-02-06,81
2015-02-07,75
2015-02-08,79
2015-02-09,79
2015-02-10,79
2015-02-11,77
2015-02-12,73
2015-02-13,77
2015-02-14,79
2015-02-15,70
2015-02-16,75
2015-02-17,73
2015-02-18,73
2015-02-19,79
2015-02-20,75
2015-02-21,77
2015-02-22,72
2015-02-23,68
2015-02-24,63
2015-02-25,66
2015-02-26,73
2015-02-27,75
2015-02-28,70
2015-03-01,73
2015-03-02,64
2015-03-03,61
2015-03-04,66
2015-03-05,72
2015-03-06,79
2015-03-07,79
2015-03-08,79
2015-03-09,81
2015-03-10,82
2015-03-11,84
2015-03-12,82
2015-03-13,84
2015-03-14,84
2015-03-15,84
2015-03-16,86
2015-03-17,88
2015-03-18,75
2015-03-19,70
2015-03-20,77
2015-03-21,82
2015-03-22,86
2015-03-23,86
2015-03-24,84
2015-03-25,84
2015-03-26,88
2015-03-27,91
2015-03-28,93
2015-03-29,93
2015-03-30,93
2015-03-31,91
2015-04-01,90
2015-04-02,84
2015-04-03,84
2015-04-04,86
2015-04-05,88
2015-04-06,84
2015-04-07,84
2015-04-08,75
2015-04-09,81
2015-04-10,82
2015-04-11,84
2015-04-12,77
2015-04-15,79
2015-04-16,72
2015-04-17,79
2015-04-18,86
2015-04-19,90
2015-04-20,90
2015-04-21,88
2015-04-22,86
2015-04-23,82
2015-04-24,77
2015-04-25,81
2015-04-26,75
2015-04-27,82
2015-04-28,88
2015-04-29,91
2015-04-30,97
2015-05-01,99
2015-05-02,95
2015-05-03,93
2015-05-04,81
2015-05-05,82
2015-05-06,88
2015-05-07,84
2015-05-08,72
2015-05-09,73
2015-05-10,84
2015-05-11,93
2015-05-12,88
2015-05-13,79
2015-05-14,84
2015-05-15,73
2015-05-16,72
2015-05-17,82
2015-05-18,90
2015-05-19,84
2015-05-20,90
2015-05-21,88
2015-05-22,81
2015-05-23,79
2015-05-24,82
2015-05-25,88
2015-05-26,93
2015-05-27,93
2015-05-28,97
2015-05-29,99
2015-05-30,102
2015-05-31,104
2015-06-01,102
2015-06-02,100
2015-06-03,100
2015-06-04,97
2015-06-05,91
2015-06-06,97
2015-06-07,99
2015-06-08,100
2015-06-09,88
2015-06-10,93
2015-06-11,97
2015-06-12,100
2015-06-13,102
2015-06-14,104
2015-06-15,108
2015-06-16,109
2015-06-17,109
2015-06-18,111
2015-06-19,111
2015-06-20,109
2015-06-21,106
2015-06-22,108
2015-06-23,108
2015-06-24,109
2015-06-25,108
2015-06-26,106
2015-06-27,106
2015-06-28,106
2015-06-29,106
2015-06-30,102
2015-07-01,99
2015-07-02,102
2015-07-03,100
2015-07-04,102
2015-07-05,99
2015-07-06,99
2015-07-07,106
2015-07-08,106
2015-07-09,99
2015-07-10,100
2015-07-11,104
2015-07-12,102
2015-07-13,106
2015-07-14,102
2015-07-15,104
2015-07-16,106
2015-07-17,99
2015-07-18,99
2015-07-19,93
2015-07-20,99
2015-07-21,102
2015-07-22,102
2015-07-23,99
2015-07-24,100
2015-07-25,106
2015-07-26,106
2015-07-27,104
2015-07-28,102
2015-07-29,99
2015-07-30,102
2015-07-31,106
2015-08-01,99
2015-08-02,106
2015-08-03,106
2015-08-04,108
2015-08-05,109
2015-08-06,102
2015-08-07,102
2015-08-08,99
2015-08-09,102
2015-08-10,100
2015-08-11,97
2015-08-12,102
2015-08-13,109
2015-08-14,111
2015-08-15,111
2015-08-16,109
2015-08-17,106
2015-08-18,104
2015-08-19,104
2015-08-20,106
2015-08-21,104
2015-08-22,102
2015-08-23,104
2015-08-24,102
2015-08-25,100
2015-08-26,102
2015-08-27,102
2015-08-28,104
2015-08-29,108
2015-08-30,104
2015-08-31,104
2015-09-01,97
2015-09-02,100
2015-09-03,95
2015-09-04,90
2015-09-05,91
2015-09-06,99
2015-09-07,99
2015-09-08,97
2015-09-09,91
2015-09-10,84
2015-09-11,99
2015-09-12,102
2015-09-13,100
2015-09-14,97
2015-09-15,97
2015-09-16,97
2015-09-17,99
2015-09-18,97
2015-09-19,100
2015-09-20,100
2015-09-21,84
2015-09-22,88
2015-09-23,93
2015-09-24,100
2015-09-25,99
2015-09-26,100
2015-09-27,100
2015-09-28,100
2015-09-29,100
2015-09-30,102
2015-10-01,104
2015-10-02,95
2015-10-03,93
2015-10-04,91
2015-10-05,84
2015-10-06,81
2015-10-07,79
2015-10-08,88
2015-10-09,91
2015-10-10,91
2015-10-11,95
2015-10-12,93
2015-10-13,95
2015-10-14,97
2015-10-15,90
2015-10-16,97
2015-10-17,90
2015-10-18,88
2015-10-19,84
2015-10-20,81
2015-10-21,70
2015-10-22,75
2015-10-23,81
2015-10-24,88
2015-10-25,84
2015-10-26,88
2015-10-27,86
2015-10-28,82
2015-10-29,79
2015-10-30,73
2015-10-31,79
2015-11-01,81
2015-11-02,84
2015-11-03,82
2015-11-04,66
2015-11-05,64
2015-11-06,70
2015-11-07,77
2015-11-08,79
2015-11-09,81
2015-11-10,68
2015-11-11,63
2015-11-12,75
2015-11-13,79
2015-11-14,75
2015-11-15,66
2015-11-16,61
2015-11-17,59
2015-11-18,63
2015-11-19,73
2015-11-20,75
2015-11-21,81
2015-11-22,77
2015-11-23,77
2015-11-24,75
2015-11-25,72
2015-11-26,64
2015-11-27,61
2015-11-28,61
2015-11-29,59
2015-11-30,57
2015-12-01,61
2015-12-02,66
2015-12-03,72
2015-12-04,73
2015-12-05,72
2015-12-06,79
2015-12-07,75
2015-12-08,73
2015-12-09,72
2015-12-10,75
2015-12-11,64
2015-12-12,59
2015-12-13,43
2015-12-15,52
2015-12-16,54
2015-12-17,55
2015-12-18,64
2015-12-19,61
2015-12-21,61
2015-12-22,63
2015-12-23,68
2015-12-24,66
2015-12-25,57
2015-12-26,54
2015-12-27,55
2015-12-28,55
2015-12-29,52
2015-12-30,57
2015-12-31,59
2016-01-01,63
2016-01-02,68
2016-01-03,70
2016-01-04,61
2016-01-05,59
2016-01-06,59
2016-01-07,52
2016-01-08,54
2016-01-09,55
2016-01-10,54
2016-01-11,55
2016-01-12,61
2016-01-13,63
2016-01-14,61
2016-01-15,63
2016-01-16,59
2016-01-17,64
2016-01-18,66
2016-01-19,66
2016-01-20,66
2016-01-21,68
2016-01-22,73
2016-01-23,70
2016-01-24,64
2016-01-25,63
2016-01-26,64
2016-01-27,66
2016-01-28,70
2016-01-29,70
2016-01-30,75
2016-01-31,77
2016-02-01,52
2016-02-02,52
2016-02-03,54
2016-02-04,59
2016-02-05,64
2016-02-06,72
2016-02-07,75
2016-02-08,81
2016-02-09,82
2016-02-10,82
2016-02-11,81
2016-02-12,81
2016-02-13,81
2016-02-14,79
2016-02-15,81
2016-02-16,82
2016-02-17,88
2016-02-18,82
2016-02-19,82
2016-02-20,82
2016-02-21,81
2016-02-22,81
2016-02-23,70
2016-02-24,73
2016-02-25,81
2016-02-26,84
2016-02-27,82
2016-02-28,82
2016-02-29,82
2016-03-01,84
2016-03-02,86
2016-03-03,86
2016-03-04,88
2016-03-05,82
2016-03-06,79
2016-03-07,70
2016-03-08,68
2016-03-09,77
2016-03-10,82
2016-03-11,88
2016-03-12,70
2016-03-13,75
2016-03-14,79
2016-03-15,82
2016-03-16,82
2016-03-17,86
2016-03-18,86
2016-03-19,88
2016-03-20,88
2016-03-21,86
2016-03-22,81
2016-03-23,72
2016-03-24,79
2016-03-25,82
2016-03-26,82
2016-03-27,84
2016-03-28,82
2016-03-29,66
2016-03-30,66
2016-03-31,70
2016-04-01,75
2016-04-02,81
2016-04-03,88
2016-04-04,90
2016-04-05,88
2016-04-06,93
2016-04-07,88
2016-04-08,63
2016-04-11,52
2016-04-18,82
2016-04-19,88
2016-04-20,91
2016-04-21,95
2016-04-22,97
2016-04-23,88
2016-04-24,66
2016-04-25,81
2016-04-26,75
2016-04-27,82
2016-04-28,75
2016-04-29,79
2016-04-30,82
2016-05-01,75
2016-05-02,81
2016-05-03,91
2016-05-04,102
2016-05-05,97
2016-05-06,79
2016-05-07,77
2016-05-08,77
2016-05-09,82
2016-05-10,90
2016-05-11,91
2016-05-12,99
2016-05-13,100
2016-05-14,99
2016-05-15,95
2016-05-16,91
2016-05-17,88
2016-05-18,84
2016-05-19,90
2016-05-20,97
2016-05-21,90
2016-05-22,88
2016-05-23,90
2016-05-24,88
2016-05-25,90
2016-05-26,82
2016-05-27,90
2016-05-28,95
2016-05-29,97
2016-05-30,93
2016-05-31,97
2016-06-01,100
2016-06-02,106
2016-06-03,109
2016-06-07,106
2016-06-08,106
2016-06-09,102
2016-06-10,97
2016-06-11,97
2016-06-12,102
2016-06-13,82
2016-06-24,102
2016-06-25,108
2016-06-26,102
2016-06-27,108
2016-06-28,109
2016-06-29,104
2016-06-30,90
2016-07-01,91
2016-07-02,100
2016-07-03,104
2016-07-04,108
2016-07-05,108
2016-07-06,106
2016-07-07,108
2016-07-08,106
2016-07-09,108
2016-07-10,108
2016-07-11,108
2016-07-12,109
2016-07-13,108
2016-07-14,108
2016-07-15,109
2016-07-16,106
2016-07-17,102
2016-07-18,104
2016-07-19,106
2016-07-20,106
2016-07-21,109
2016-07-22,109
2016-07-23,109
2016-07-24,106
2016-07-25,104
2016-07-26,108
2016-07-27,109
2016-07-28,109
2016-07-29,109
2016-07-30,99
2016-07-31,99
2016-08-01,97
2016-08-02,95
2016-08-03,99
2016-08-04,97
2016-08-05,97
2016-08-06,106
2016-08-07,108
2016-08-08,108
2016-08-09,91
2016-08-10,99
2016-08-11,95
2016-08-12,102
2016-08-13,106
2016-08-14,106
2016-08-15,108
2016-08-16,109
2016-08-17,108
2016-08-18,100
2016-08-19,100
2016-08-20,99
2016-08-21,99
2016-08-22,99
2016-08-23,99
2016-08-24,100
2016-08-25,100
2016-08-26,97
2016-08-27,99
2016-08-28,99
2016-08-29,102
2016-08-30,106
2016-08-31,102
2016-09-01,100
2016-09-02,102
2016-09-03,104
2016-09-04,100
2016-09-05,102
2016-09-06,100
2016-09-07,84
2016-09-08,93
2016-09-09,100
2016-09-10,102
2016-09-11,102
2016-09-12,97
2016-09-13,97
2016-09-14,97
2016-09-15,95
2016-09-16,95
2016-09-17,97
2016-09-18,102
2016-09-19,97
2016-09-20,90
2016-09-21,99
2016-09-22,81
2016-09-23,84
2016-09-24,88
2016-09-25,93
2016-09-26,84
2016-09-27,88
2016-09-28,93
2016-09-29,91
2016-09-30,93
2016-10-01,95
2016-10-02,86
2016-10-03,82
2016-10-04,82
2016-10-05,90
2016-10-06,88
2016-10-07,93
2016-10-08,95
2016-10-09,93
2016-10-10,95
2016-10-11,97
2016-10-12,82
2016-12-13,72
2016-12-14,75
2016-12-15,76
2016-12-16,75
2016-12-17,64
2016-12-18,58
2016-12-19,70
2016-12-20,72
2016-12-21,66
2016-12-22,70
2016-12-23,63
2016-12-24,63
2016-12-25,52
2016-12-26,57
2016-12-27,66
2016-12-28,59
2016-12-29,74
2016-12-30,70
2016-12-31,63
2017-01-01,55
2017-01-02,57
2017-01-03,59
2017-01-04,65
2017-01-05,67
2017-01-06,63
2017-01-07,65
2017-01-08,75
2017-01-09,68
2017-01-10,68
2017-01-11,64
2017-01-12,68
2017-01-13,62
2017-01-14,63
2017-01-15,57
2017-01-16,60
2017-01-17,61
2017-01-18,63
2017-01-19,58
2017-01-20,56
2017-01-21,56
2017-01-22,60
2017-01-23,61
2017-01-24,53
2017-01-25,54
2017-01-26,54
2017-01-27,56
2017-01-28,62
2017-01-29,71
2017-01-30,72
2017-01-31,71
2017-02-01,72
2017-02-02,73
2017-02-03,69
2017-02-04,73
2017-02-05,73
2017-02-06,67
2017-02-07,71
2017-02-08,75
2017-02-09,78
2017-02-10,83
2017-02-11,78
2017-02-12,73
2017-02-13,70
2017-02-14,70
2017-02-15,61
2017-03-30,88
2017-03-31,66
2017-04-01,69
2017-04-02,79
2017-04-03,84
2017-04-04,75
2017-04-05,83
2017-04-06,88
2017-04-07,88
2017-04-08,85
2017-04-09,77
2017-04-10,81
2017-04-11,87
2017-04-12,88
2017-04-13,92
2017-04-14,89
2017-04-15,86
2017-04-16,89
2017-04-17,90
2017-04-18,93
2017-04-19,88
2017-04-20,90
2017-04-21,91
2017-04-22,93
2017-04-23,98
2017-04-24,91
2017-04-25,83
2017-04-26,87
2017-04-27,89
2017-04-28,82
2017-04-29,77
2017-04-30,83
2017-05-01,90
2017-05-02,94
2017-05-03,96
2017-05-04,100
2017-05-05,104
2017-05-06,97
2017-05-07,71
2017-05-08,78
2017-05-09,73
2017-05-10,76
2017-05-11,87
2017-05-12,96
2017-05-13,96
2017-05-14,92
2017-05-15,86
2017-05-16,75
2017-05-17,85
2017-05-18,84
2017-05-19,83
2017-05-20,91
2017-05-21,97
2017-05-22,101
2017-05-23,102
2017-05-24,104
2017-05-25,98
2017-05-26,94
2017-05-27,94
2017-05-28,98
2017-05-29,101
2017-05-30,98
2017-05-31,75
2017-06-01,96
2017-06-02,98
2017-06-03,104
2017-06-04,95
2017-06-09,104
2017-06-10,102
2017-06-11,98
2017-06-12,93
2017-06-13,93
2017-06-14,100
2017-06-15,104
2017-06-16,106
2017-06-17,107
2017-06-18,110
2017-06-19,111
2017-06-20,105
2017-06-22,110
2017-06-23,109
2017-06-24,103
2017-06-25,110
2017-06-26,106
2017-06-27,107
2017-06-28,106
2017-06-29,105
2017-06-30,103
2017-07-03,104
2017-07-04,107
2017-07-05,108
2017-07-06,108
2017-07-07,110
2017-07-08,110
2017-07-09,105
2017-07-10,106
2017-07-11,100
2017-07-12,105
2017-07-13,106
2017-07-14,106
2017-07-15,105
2017-07-16,101
2017-07-17,96
2017-07-18,98
2017-07-19,99
2017-07-20,100
2017-07-21,101
2017-07-22,103
2017-07-23,100
2017-07-24,88
2017-07-25,99
2017-07-26,98
2017-07-27,105
2017-07-28,98
2017-07-29,97
2017-07-30,96
2017-07-31,102
2017-08-01,98
2017-08-02,96
2017-08-03,98
2017-08-04,100
2017-08-05,103
2017-08-06,101
2017-08-07,98
2017-08-08,104
2017-08-09,95
2017-08-10,103
2017-08-11,105
2017-08-12,100
2017-08-13,94
2017-08-14,98
2017-08-15,99
2017-08-16,101
2017-08-17,99
2017-08-18,101
2017-08-19,101
2017-08-20,99
2017-08-21,99
2017-08-22,102
2017-08-23,102
2017-08-24,98
2017-08-26,96
2017-08-27,104
2017-08-28,105
2017-08-29,102
2017-08-30,104
2017-08-31,104
2017-09-01,100
2017-09-02,97
2017-09-03,98
2017-09-04,101
2017-09-05,100
2017-09-06,105
2017-09-07,101
2017-09-08,95
2017-09-09,92
2017-09-10,101
2017-09-11,100
2017-09-12,105
2017-09-13,104
2017-09-14,101
2017-09-15,95
2017-09-16,95
2018-01-24,74
2018-01-25,77
2018-01-26,65
2018-01-27,70
2018-01-28,79
2018-01-29,81
2018-01-30,79
2018-01-31,77
2018-02-01,79
2018-02-02,79
2018-02-03,76
2018-02-04,77
2018-02-05,78
2018-02-06,78
2018-02-07,77
2018-02-08,81
2018-02-09,79
2018-02-10,80
2018-02-11,74
2018-02-12,64
2018-02-13,71
2018-02-14,60
2018-02-15,55
2018-02-16,61
2018-02-17,67
2018-02-18,72
2018-02-19,68
2018-02-20,56
2018-02-21,58
2018-02-22,59
2018-02-23,60
2018-02-24,45
2018-02-26,67
2018-02-27,68
2018-02-28,57
2018-03-01,66
2018-03-02,73
2018-03-03,75
2018-03-04,65
2018-03-05,69
2018-03-06,77
2018-03-07,78
2018-03-08,79
2018-03-09,80
2018-03-10,76
2018-03-11,75
2018-03-12,81
2018-03-13,82
2018-03-14,83
2018-03-15,71
2018-03-16,73
2018-03-17,70
2018-03-18,64
2018-03-19,70
2018-03-20,77
2018-03-21,81
2018-03-22,87
2018-03-23,81
2018-03-24,77
2018-03-25,75
2018-03-26,71
2018-03-27,72
2018-03-28,76
2018-03-29,72
2018-03-30,87
2018-03-31,88
2018-04-01,90
2018-04-02,89
2018-04-03,85
2018-04-04,87
2018-04-05,89
2018-04-06,91
2018-04-07,93
2018-04-08,89
2018-04-09,91
2018-04-10,95
2018-04-11,95
2018-04-12,86
2018-04-13,73
2018-04-14,78
2018-04-15,88
2018-04-16,90
2018-04-17,73
2018-04-18,81
2018-04-19,87
2018-04-20,74
2018-04-21,84
2018-04-22,91
2018-04-23,93
2018-04-24,94
2018-04-25,95
2018-04-26,92
2018-04-27,97
2018-04-28,95
2018-04-29,92
2018-04-30,85
2018-05-01,78
2018-05-02,70
2018-05-03,79
2018-05-04,91
2018-05-05,99
2018-05-06,103
2018-05-07,101
2018-05-08,102
2018-05-09,102
2018-05-10,105
2018-05-11,99
2018-05-12,88
2018-05-13,89
2018-05-14,94
2018-05-15,94
2018-05-16,97
2018-05-17,95
2018-05-18,90
2018-05-19,94
2018-05-20,96
2018-05-21,94
2018-05-22,91
2018-05-23,93
2018-05-24,97
2018-05-25,99
2018-05-26,81
2018-05-27,90
2018-05-28,95
2018-05-29,99
2018-05-30,101
2018-05-31,100
2018-06-01,97
2018-06-02,100
2018-06-03,104
2018-06-04,105
2018-06-05,104
2018-06-06,103
2018-06-07,103
2018-06-08,106
2018-06-09,107
2018-06-10,103
2018-06-11,103
2018-06-12,107
2018-06-13,109
2018-06-14,107
2018-06-15,92
2018-06-16,80
2018-06-17,97
2018-06-18,99
2018-06-19,100
2018-06-20,104
2018-06-21,106
2018-06-22,108
2018-06-23,106
2018-06-24,102
2018-06-25,103
2018-06-26,107
2018-06-27,107
2018-06-28,106
2018-06-29,104
2018-06-30,101
2018-07-01,102
2018-07-02,105
2018-07-03,105
2018-07-04,103
2018-07-05,111
2018-07-06,108
2018-07-07,110
2018-07-08,107
2018-07-09,99
2018-07-10,94
2018-07-11,94
2018-07-12,100
2018-07-13,102
2018-07-14,101
2018-07-15,96
2018-07-16,102
2018-07-17,102
2018-07-18,99
2018-07-19,102
2018-07-20,103
2018-07-21,97
2018-07-22,105
2018-07-23,111
2018-07-24,113
2018-07-25,113
2018-07-26,101
2018-07-27,107
2018-07-28,105
2018-07-29,98
2018-07-30,105
2018-07-31,104
2018-08-01,107
2018-08-02,107
2018-08-03,107
2018-08-04,108
2018-08-05,110
2018-08-06,111
2018-08-07,106
2018-08-08,98
2018-08-09,99
2018-08-10,94
2018-08-11,99
2018-08-12,100
2018-08-13,97
2018-08-14,100
2018-08-15,92
2018-08-16,95
2018-08-17,99
2018-08-18,102
2018-08-19,104
2018-08-20,104
2018-08-21,97
2018-08-22,99
2018-08-23,96
2018-08-24,98
2018-08-25,99
2018-08-26,100
2018-08-27,103
2018-08-28,102
2018-08-29,102
2018-08-30,100
2018-08-31,102
2018-09-01,103
2018-09-02,99
2018-09-03,96
2018-09-04,97
2018-09-05,99
2018-09-06,102
2018-09-07,102
2018-09-08,105
2018-09-09,103
2018-09-10,102
2018-09-11,106
2018-09-12,103
2018-09-13,102
2018-09-14,105
2018-09-15,107
2018-09-16,102
2018-09-17,103
2018-09-18,101
2018-09-19,86
2018-09-20,90
2018-09-21,96
2018-09-22,100
2018-09-23,99
2018-09-24,97
2018-09-25,96
2018-09-26,98
2018-09-27,100
2018-09-28,100
2018-09-29,99
2018-09-30,94
2018-10-01,76
2018-10-02,78
2018-10-03,84
2018-10-04,74
2018-10-05,81
2018-10-06,83
2018-10-07,71
2018-10-08,73
2018-10-09,77
2018-10-10,81
2018-10-11,82
2018-10-12,76
2018-10-13,68
2018-10-14,73
2018-10-15,74
2018-10-16,69
2018-10-17,75
2018-10-18,78
2018-10-19,83
2018-10-20,91
2018-10-21,87
2018-10-22,83
2018-10-23,85
2018-10-24,81
2018-10-25,82
2018-10-26,84
2018-10-27,86
2018-10-28,87
2018-10-29,86
2018-10-30,84
2018-10-31,72
2018-11-01,73
2018-11-02,78
2018-11-03,78
2018-11-04,79
2018-11-05,81
2018-11-06,81
2018-11-07,80
2018-11-08,78
2018-11-09,76
2018-11-10,76
2018-11-11,71
2018-11-12,64
2018-11-13,64
2018-11-14,67
2018-11-15,73
2018-11-16,73
2018-11-17,71
2018-11-18,70
2018-11-19,73
2018-11-20,77
2018-11-21,71
2018-11-22,65
2018-11-23,67
2018-11-24,69
2018-11-25,70
2018-11-26,72
2018-11-27,73
2018-11-28,74
2018-11-29,70
2018-11-30,62
2018-12-01,61
2018-12-02,61
2018-12-03,60
2018-12-04,62
2018-12-05,71
2018-12-06,62
2018-12-07,65
2018-12-08,64
2018-12-09,67
2018-12-10,69
2018-12-11,65
2018-12-12,65
2018-12-13,64
2018-12-14,65
2018-12-15,67
2018-12-16,65
2018-12-17,67
2018-12-18,67
2018-12-19,66
2018-12-20,72
2018-12-21,66
2018-12-22,69
2018-12-23,71
2018-12-24,70
2018-12-25,65
2018-12-26,58
2018-12-27,59
2018-12-28,51
2018-12-29,54
2018-12-30,54
2018-12-31,53
